date,ret_cs2_alle,n_cs2_alle,ret_cs2_seasoned,n_cs2_seasoned,ret_cs2_liq_seasoned,n_cs2_liq_seasoned,volumen_cs2,idx_cs2_alle,idx_cs2_seasoned,idx_cs2_liq_seasoned
2013-05-01,,1,,0,,0,1299,,,
2013-06-01,,1,,0,,0,6586,,,
2013-07-01,,1,,0,,0,9875,,,
2013-08-01,,1,,0,,0,844705,,,
2013-09-01,-0.322644,395,,0,,0,1915096,67.735572,,
2013-10-01,-0.347712,545,,1,,1,2315514,44.183108,,
2013-11-01,-0.295732,521,,1,,1,2538265,31.116753,,
2013-12-01,-0.325584,985,,1,,1,4012678,20.985648,,
2014-01-01,-0.191314,1063,,1,,1,5968234,16.970799,,
2014-02-01,-0.087036,1011,0.098460,309,0.013382,173,6457506,15.493729,109.846033,101.338209
2014-03-01,-0.033866,1151,0.157843,449,0.160803,232,8021917,14.969017,127.184409,117.633677
2014-04-01,0.161149,1143,0.355774,466,0.345933,241,8997042,17.381267,172.433284,158.327063
2014-05-01,-0.120525,1175,-0.076099,778,-0.101617,491,12170666,15.286397,159.311210,142.238378
2014-06-01,-0.141992,1347,-0.104819,948,-0.135568,617,11627760,13.115846,142.612423,122.955440
2014-07-01,0.029523,1344,0.089139,916,0.105495,582,16278619,13.503060,155.324766,135.926572
2014-08-01,0.064253,1790,0.176960,1149,0.154470,785,21508602,14.370673,182.811027,156.923200
2014-09-01,0.008505,1938,0.090255,1228,0.074528,860,20574860,14.492897,199.310605,168.618368
2014-10-01,-0.007007,1911,0.020485,1230,0.006353,862,20612067,14.391340,203.393420,169.689604
2014-11-01,-0.150833,1920,-0.162168,1404,-0.180777,995,21653090,12.220657,170.409523,139.013548
2014-12-01,0.015930,2009,0.026800,1409,0.033617,984,28008487,12.415333,174.976495,143.686724
2015-01-01,0.138314,2018,0.146104,1766,0.154584,1262,39648434,14.132544,200.541329,165.898405
2015-02-01,-0.015405,2291,0.019469,1988,0.002814,1463,35883032,13.914829,204.445594,166.365197
2015-03-01,0.000651,2291,0.021623,1987,0.014253,1457,39115628,13.923881,208.866303,168.736351
2015-04-01,0.243833,2260,0.248534,1988,0.255362,1456,45123481,17.318981,260.776613,211.825154
2015-05-01,-0.020867,2526,0.014290,2238,0.004711,1671,48693656,16.957593,264.503088,212.823147
2015-06-01,-0.126761,2879,-0.095909,2232,-0.124128,1666,47626660,14.808025,239.134873,186.405908
2015-07-01,0.102214,2797,0.166570,2297,0.168063,1711,45036645,16.321605,278.967551,217.733819
2015-08-01,-0.048314,2816,-0.021416,2361,-0.036443,1767,46205365,15.533048,272.993073,209.798913
2015-09-01,0.107069,2868,0.139785,2366,0.134926,1773,53125091,17.196158,311.153382,238.106143
2015-10-01,0.000849,3082,0.025473,2485,0.013255,1896,54302483,17.210765,319.079310,241.262149
2015-11-01,-0.026825,3123,0.004200,2806,-0.018756,2149,50099030,16.749083,320.419481,236.736995
2015-12-01,0.069996,3110,0.077090,2808,0.087778,2144,55212196,17.921460,345.120632,257.517196
2016-01-01,0.006179,3303,0.021291,2828,0.022000,2164,47790605,18.032203,352.468719,263.182641
2016-02-01,-0.036442,3285,-0.028631,2883,-0.041834,2206,45076029,17.375068,342.377340,252.172638
2016-03-01,0.080310,3447,0.107283,3065,0.111450,2352,39210121,18.770454,379.108447,280.277368
2016-04-01,0.123108,3507,0.150167,3131,0.140761,2407,36579497,21.081239,436.038182,319.729608
2016-05-01,-0.064014,3684,-0.036873,3152,-0.054167,2435,35500102,19.731743,419.960089,302.410700
2016-06-01,-0.151566,3661,-0.136408,3295,-0.157926,2559,32413895,16.741091,362.674259,254.652299
2016-07-01,-0.047857,3820,-0.016179,3227,0.002578,2498,30536158,15.939916,356.806481,255.308770
2016-08-01,-0.017611,3851,0.003243,3399,0.023292,2635,26875993,15.659195,357.963652,261.255401
2016-09-01,-0.012987,4048,0.012024,3488,0.020199,2710,23955641,15.455834,362.267787,266.532583
2016-10-01,-0.076835,4046,-0.063243,3618,-0.079793,2828,22706636,14.268280,339.356800,245.265268
2016-11-01,-0.015909,4022,-0.001842,3574,-0.005009,2785,22001122,14.041291,338.731861,244.036829
2016-12-01,0.016408,4151,0.044754,3795,0.034311,2962,26217191,14.271684,353.891482,252.409991
2017-01-01,0.086911,4167,0.104593,3810,0.102096,2972,26181999,15.512046,390.905928,278.180146
2017-02-01,0.082816,4259,0.099137,3987,0.099823,3134,22909573,16.796694,429.659211,305.948891
2017-03-01,0.005786,4277,0.008203,4027,0.001717,3171,26999132,16.893885,433.183741,306.474081
2017-04-01,-0.030866,4451,-0.016332,4029,-0.023522,3174,25870283,16.372437,426.108955,299.265274
2017-05-01,0.017753,4451,0.025847,4194,0.015710,3332,25892803,16.663091,437.122491,303.966723
2017-06-01,-0.064468,4613,-0.053376,4205,-0.067292,3322,25317728,15.588857,413.790534,283.512168
2017-07-01,0.024095,4545,0.034566,4205,0.029963,3288,27528050,15.964477,428.093431,292.007058
2017-08-01,0.082633,4600,0.096596,4210,0.093109,3289,25412332,17.283670,469.445373,319.195599
2017-09-01,-0.006254,4650,-0.004497,4428,-0.013781,3487,24194608,17.175577,467.334094,314.796667
2017-10-01,-0.070292,4810,-0.058716,4413,-0.061691,3477,23489301,15.968268,439.894153,295.376514
2017-11-01,-0.064486,4758,-0.057798,4542,-0.073443,3552,18051513,14.938545,414.469234,273.683242
2017-12-01,0.050044,4704,0.055387,4494,0.052244,3503,19227317,15.686133,437.425270,287.981656
2018-01-01,0.108571,4800,0.113754,4577,0.128288,3567,23811607,17.389196,487.183958,324.926146
2018-02-01,0.019147,4850,0.031102,4616,0.030161,3605,21138149,17.722140,502.336151,334.726185
2018-03-01,-0.017776,5047,-0.003094,4790,-0.006205,3771,20499477,17.407116,500.782075,332.649142
2018-04-01,-0.078000,5067,-0.073390,4804,-0.062689,3793,14525692,16.049353,464.029544,311.795709
2018-05-01,-0.014111,5046,-0.013592,4798,-0.017029,3799,12816420,15.822874,457.722481,306.486156
2018-06-01,-0.076640,5042,-0.074287,4855,-0.082672,3825,12312277,14.610215,423.719811,281.148380
2018-07-01,0.066681,4991,0.068211,4824,0.069233,3790,13098898,15.584445,452.622350,300.613214
2018-08-01,0.081617,5015,0.081783,5003,0.091694,3964,18389961,16.856407,489.638941,328.177674
2018-09-01,0.015681,5351,0.030634,5083,0.027435,4055,18544596,17.120728,504.638429,337.181117
2018-10-01,0.051152,5345,0.066720,5052,0.068022,4039,21089034,17.996486,538.307948,360.116989
2018-11-01,-0.065440,5439,-0.049340,5030,-0.062741,4023,24176316,16.818802,511.747969,337.523023
2018-12-01,-0.027866,5388,-0.020208,4992,-0.022189,3977,30626981,16.350121,501.406654,330.033781
2019-01-01,0.090539,5582,0.105702,5015,0.118605,3985,30918966,17.830452,554.406193,369.177348
2019-02-01,0.026828,5644,0.032662,5325,0.028811,4227,31052677,18.308811,572.514392,379.813628
2019-03-01,0.026631,5746,0.041252,5372,0.045642,4251,44346020,18.796384,596.131963,397.149238
2019-04-01,-0.006545,5919,0.006543,5521,-0.002894,4394,42250095,18.673366,600.032653,395.999847
2019-05-01,0.012141,5896,0.019099,5503,0.011767,4381,39587182,18.900074,611.492889,400.659500
2019-06-01,0.085691,5890,0.088207,5646,0.085683,4520,26500057,20.519643,665.430798,434.989037
2019-07-01,0.048650,5924,0.050573,5677,0.041908,4542,26083633,21.517928,699.083913,453.218472
2019-08-01,0.080985,5932,0.085343,5750,0.083995,4586,30805655,23.260549,758.745550,491.286437
2019-09-01,0.013195,6031,0.019191,5948,0.016850,4770,39441622,23.567463,773.306558,499.564676
2019-10-01,0.039721,5989,0.043127,5925,0.043126,4744,41423438,24.503585,806.657263,521.108978
2019-11-01,-0.077705,6190,-0.072335,5959,-0.075266,4786,31006288,22.599539,748.307748,481.887310
2019-12-01,0.000358,6696,-0.019408,6022,-0.020916,4850,32973081,22.607637,733.784495,471.808121
2020-01-01,0.149179,6764,0.154547,6057,0.161131,4881,39979139,25.980213,847.188653,547.830925
2020-02-01,0.051507,6841,0.044200,6191,0.044869,4976,47996953,27.318378,884.634460,572.411562
2020-03-01,-0.043806,6886,-0.042704,6216,-0.057713,4984,51380796,26.121663,846.857339,539.375911
2020-04-01,-0.011754,6814,-0.013514,6300,-0.016928,5047,61610226,25.814625,835.412523,530.245597
2020-05-01,0.040997,6949,0.051015,6697,0.037944,5264,56662815,26.872939,878.031152,550.365481
2020-06-01,0.017026,6967,0.021702,6730,0.009850,5308,46257097,27.330471,897.086014,555.786735
2020-07-01,0.069406,6970,0.072918,6737,0.061538,5318,46528069,29.227367,962.500114,589.988886
2020-08-01,0.062488,6963,0.067242,6755,0.064697,5364,43395098,31.053737,1027.220305,628.159290
2020-09-01,-0.003967,7161,0.006905,6814,0.022635,5445,37334280,30.930532,1034.313641,642.377835
2020-10-01,0.024829,7223,0.029482,7044,0.026787,5680,37826677,31.698494,1064.806936,659.584902
2020-11-01,-0.003159,7176,-0.000111,7012,0.002438,5653,39267658,31.598362,1064.688700,661.192962
2020-12-01,-0.068102,7197,-0.064107,7033,-0.062402,5649,52600120,29.446457,996.435056,619.933493
2021-01-01,0.161614,7690,0.174973,7054,0.179445,5635,61299238,34.205409,1170.784283,731.177304
2021-02-01,-0.033684,7751,-0.026133,7262,-0.028879,5851,55635884,33.053241,1140.188071,710.061522
2021-03-01,0.104074,7712,0.098745,7232,0.105307,5811,76285891,36.493233,1252.775942,784.835955
2021-04-01,-0.019225,7779,-0.021774,7284,-0.038268,5855,76488911,35.791659,1225.498492,754.801722
2021-05-01,0.083762,7702,0.075748,7214,0.073020,5790,71785899,38.789642,1318.327677,809.917293
2021-06-01,0.054304,7937,0.066391,7748,0.053921,6187,59507249,40.896081,1405.852460,853.589218
2021-07-01,-0.107433,7845,-0.103663,7665,-0.111145,6170,41817836,36.502487,1260.117724,758.717049
2021-08-01,-0.023297,7757,-0.020234,7577,-0.024574,6100,39585200,35.652076,1234.619891,740.072249
2021-09-01,-0.053350,7773,-0.050074,7588,-0.050835,6083,44505653,33.750022,1172.797842,702.450522
2021-10-01,-0.064979,8307,-0.055895,7586,-0.056281,6065,45250572,31.556966,1107.244307,662.915916
2021-11-01,-0.033982,8337,-0.026894,7707,-0.023398,6193,43830160,30.484603,1077.466005,647.405215
2021-12-01,0.051314,8256,0.061083,7611,0.062293,6098,45142790,32.048894,1143.280463,687.734339
2022-01-01,0.095373,8222,0.098442,7598,0.102338,6074,53250241,35.105501,1255.827339,758.115639
2022-02-01,0.004907,8488,0.003719,7697,0.004500,6181,48340944,35.277771,1260.497583,761.527153
2022-03-01,0.046909,8606,0.049587,8298,0.049211,6637,52616303,36.932612,1323.002416,799.002787
2022-04-01,0.091795,8661,0.096231,8463,0.091931,6765,46063032,40.322838,1450.316702,872.456166
2022-05-01,-0.063887,8678,-0.060902,8501,-0.072710,6810,42932879,37.746721,1361.989275,809.019678
2022-06-01,-0.060853,8580,-0.053322,8330,-0.056619,6665,41306313,35.449719,1289.365253,763.213506
2022-07-01,-0.000142,8452,0.001376,8384,0.003873,6706,47219269,35.444694,1291.139526,766.169709
2022-08-01,0.052508,8655,0.060969,8425,0.063463,6719,45304791,37.305829,1369.858952,814.792792
2022-09-01,-0.008989,8795,-0.004647,8548,-0.004386,6851,43323681,36.970483,1363.493388,811.219178
2022-10-01,-0.000023,8786,0.002946,8536,0.001127,6865,41913631,36.969620,1367.509778,812.133067
2022-11-01,0.003125,8844,0.007091,8596,0.002485,6908,38278769,37.085140,1377.207305,814.151500
2022-12-01,0.009408,8848,0.014867,8607,0.010373,6919,39514581,37.434024,1397.682799,822.596732
2023-01-01,0.072079,8821,0.073028,8744,0.070175,7049,44351488,40.132244,1499.752515,880.322617
2023-02-01,0.077763,8906,0.077635,8854,0.082499,7142,53696971,43.253052,1616.186196,952.948685
2023-03-01,0.067548,9244,0.066844,9022,0.049699,7281,80302079,46.174694,1724.218288,1000.308871
2023-04-01,0.269849,9289,0.273131,9115,0.263967,7313,88151017,58.634902,2195.155843,1264.357090
2023-05-01,-0.077089,9498,-0.072674,9253,-0.083185,7484,74030150,54.114776,2035.624497,1159.181394
2023-06-01,0.049053,9442,0.056614,9102,0.054388,7384,59140837,56.769251,2150.868772,1222.226805
2023-07-01,-0.116271,9348,-0.109784,9019,-0.123888,7343,62684457,50.168616,1914.736822,1070.808019
2023-08-01,0.008764,9035,0.008265,8880,0.010055,7243,57158371,50.608286,1930.562787,1081.574639
2023-09-01,0.129131,9087,0.129968,8930,0.135890,7291,61929141,57.143368,2181.474937,1228.549361
2023-10-01,0.114892,9303,0.115764,9223,0.115042,7526,71352792,63.708684,2434.012115,1369.883616
2023-11-01,-0.092171,9327,-0.092172,9326,-0.105260,7646,49118687,57.836578,2209.664598,1225.689105
2023-12-01,-0.045074,9146,-0.045074,9146,-0.048874,7535,43399167,55.229629,2110.065298,1165.784234
2024-01-01,-0.034553,8961,-0.034553,8961,-0.037107,7373,41426154,53.321299,2037.156968,1122.524984
2024-02-01,-0.009777,8913,-0.009777,8913,-0.006619,7324,55099996,52.799990,2017.240166,1115.094793
2024-03-01,0.065998,9163,0.075596,8958,0.085608,7343,55733454,56.284699,2169.736304,1210.556338
2024-04-01,0.061693,9311,0.070117,9041,0.072698,7435,47209341,59.757099,2321.872206,1298.560767
2024-05-01,0.026586,9332,0.034278,9061,0.030327,7457,47455982,61.345816,2401.461632,1337.942505
2024-06-01,-0.023416,9244,-0.019648,9001,-0.022676,7421,40506668,59.909334,2354.278217,1307.603223
2024-07-01,-0.042268,9149,-0.041388,8913,-0.045086,7373,39087103,57.377085,2256.838546,1248.649106
2024-08-01,0.057109,9107,0.056532,9055,0.061403,7489,43220075,60.653813,2384.423055,1325.319831
2024-09-01,0.063020,9221,0.063523,9201,0.068292,7614,40719676,64.476192,2535.887750,1415.829058
2024-10-01,0.025444,9256,0.025836,9238,0.025532,7654,44732766,66.116717,2601.404638,1451.977905
2024-11-01,0.047766,9808,0.054559,9363,0.051108,7775,38298267,69.274853,2743.333592,1526.185431
2024-12-01,-0.016234,9859,-0.018704,9415,-0.022903,7853,40146277,68.150258,2692.021560,1491.231434
2025-01-01,0.045220,9866,0.047800,9354,0.050720,7824,44334855,71.232042,2820.701316,1566.866167
2025-02-01,0.097422,9871,0.109045,9376,0.112303,7876,44190063,78.171622,3128.285827,1742.829502
2025-03-01,0.040850,9862,0.045358,9380,0.043171,7883,46812601,81.364895,3270.178272,1818.068742
2025-04-01,-0.029719,9906,-0.028491,9816,-0.036318,8289,51654841,78.946844,3177.007491,1752.039907
2025-05-01,0.036937,10404,0.052725,9796,0.048772,8293,51857249,81.862892,3344.516742,1837.491226
2025-06-01,0.003138,10477,0.005627,9882,0.000333,8370,46623266,82.119737,3363.337950,1838.102619
2025-07-01,0.009076,10470,0.013698,9879,0.012804,8374,52079548,82.865092,3409.407327,1861.637677
2025-08-01,0.016461,10565,0.024794,9914,0.025904,8369,49463144,84.229145,3493.939034,1909.862460
2025-09-01,0.049467,10597,0.055066,9941,0.061130,8362,57717206,88.395733,3686.337376,2026.613236
2025-10-01,0.056059,10858,0.061385,10499,0.079050,8835,77363727,93.351103,3912.622254,2186.816204
2025-11-01,0.129323,11069,0.133977,10770,0.147222,9018,56827676,105.423519,4436.823187,2508.763714
2025-12-01,0.042857,11266,0.052188,10794,0.052835,9083,47728823,109.941661,4668.372236,2641.313071
2026-01-01,0.075135,11332,0.081162,10817,0.086406,9118,47324898,118.202111,5047.268473,2869.538644
2026-02-01,0.032784,11492,0.048286,10818,0.048749,9156,42835074,122.077256,5290.979128,3009.425586
2026-03-01,0.035435,11519,0.036060,11027,0.038148,9326,64515810,126.403009,5481.770546,3124.228211
2026-04-01,0.042200,11776,0.052675,11083,0.056798,9365,61415564,131.737252,5770.523792,3301.676831
2026-05-01,-0.047315,11791,-0.051466,11228,-0.063210,9403,53514863,125.504141,5473.540513,3092.978912
2026-06-01,-0.030227,11439,-0.028417,10988,-0.021717,9324,18485273,121.710510,5318.000805,3025.809862
